INSERT INTO locations (id, name, type, parent_id) VALUES
                                                      (1, 'Portugal', 'COUNTRY', NULL),
                                                      (2, 'Lisboa', 'DISTRICT', 1),
                                                      (3, 'Oeiras', 'MUNICIPALITY', 2),
                                                      (4, 'Paço de Arcos', 'LOCALITY', 3)
ON CONFLICT DO NOTHING;

INSERT INTO users (id, name, email, password) VALUES
                                                  (1, 'João Silva', 'joao@email.com', 'password'),
                                                  (2, 'Maria Costa', 'maria@email.com', 'password'),
                                                  (3, 'Pedro Santos', 'pedro@email.com', 'password'),
                                                  (4, 'Ana Silva', 'ana@email.com', 'password')
ON CONFLICT DO NOTHING;

INSERT INTO houses (id, title, description, location_id, area_sqm, price_per_night, owner_id) VALUES
                                                                                                  (1, 'Casa na Praia', 'Uma casa confortável à beira-mar com vista para o oceano.', 1, 120, 100.0, 1),
                                                                                                  (2, 'Apartamento no Centro', 'Apartamento moderno no coração da cidade.', 1, 85, 75.0, 2),
                                                                                                  (3, 'Villa de Luxo', 'Villa luxuosa com piscina e jardim privado.', 1, 250, 250.0, 3),
                                                                                                  (4, 'Estúdio Baixa', 'Pequeno mas central.', 2, 40, 50.0, 1),
                                                                                                  (5, 'T1 Alfama', 'Com vista rio.', 2, 60, 75.0, 2),
                                                                                                  (6, 'T2 Saldanha', 'Espaçoso e moderno.', 2, 85, 100.0, 3),
                                                                                                  (7, 'T3 Marquês', 'Ideal para famílias.', 2, 110, 130.0, 4),
                                                                                                  (8, 'T4 Avenidas Novas', 'Luxo no centro.', 2, 150, 180.0, 1),
                                                                                                  (9, 'Penthouse Parque', 'O topo da cidade.', 2, 200, 240.0, 2),
                                                                                                  (10, 'Villa Oeiras', 'Perto do parque dos poetas.', 3, 100, 120.0, 3),
                                                                                                  (11, 'Casa Genérica 1', 'Uma casa gerada automaticamente para testes.', 4, 60, 45.0, 4),
                                                                                                  (12, 'Casa Genérica 2', 'Uma casa gerada automaticamente para testes.', 1, 70, 50.0, 4),
                                                                                                  (13, 'Casa Genérica 3', 'Uma casa gerada automaticamente para testes.', 4, 80, 55.0, 4),
                                                                                                  (14, 'Casa Genérica 4', 'Uma casa gerada automaticamente para testes.', 1, 90, 60.0, 4),
                                                                                                  (15, 'Casa Genérica 5', 'Uma casa gerada automaticamente para testes.', 4, 100, 65.0, 4),
                                                                                                  (16, 'Casa Genérica 6', 'Uma casa gerada automaticamente para testes.', 1, 110, 70.0, 4),
                                                                                                  (17, 'Casa Genérica 7', 'Uma casa gerada automaticamente para testes.', 4, 120, 75.0, 4),
                                                                                                  (18, 'Casa Genérica 8', 'Uma casa gerada automaticamente para testes.', 1, 130, 80.0, 4),
                                                                                                  (19, 'Casa Genérica 9', 'Uma casa gerada automaticamente para testes.', 4, 140, 85.0, 4),
                                                                                                  (20, 'Casa Genérica 10', 'Uma casa gerada automaticamente para testes.', 1, 150, 90.0, 4),
                                                                                                  (21, 'Casa Genérica 11', 'Uma casa gerada automaticamente para testes.', 4, 160, 95.0, 4),
                                                                                                  (22, 'Casa Genérica 12', 'Uma casa gerada automaticamente para testes.', 1, 170, 100.0, 4),
                                                                                                  (23, 'Casa Genérica 13', 'Uma casa gerada automaticamente para testes.', 4, 180, 105.0, 4),
                                                                                                  (24, 'Casa Genérica 14', 'Uma casa gerada automaticamente para testes.', 1, 190, 110.0, 4),
                                                                                                  (25, 'Casa Genérica 15', 'Uma casa gerada automaticamente para testes.', 4, 200, 115.0, 4),
                                                                                                  (26, 'Casa Genérica 16', 'Uma casa gerada automaticamente para testes.', 1, 210, 120.0, 4),
                                                                                                  (27, 'Casa Genérica 17', 'Uma casa gerada automaticamente para testes.', 4, 220, 125.0, 4),
                                                                                                  (28, 'Casa Genérica 18', 'Uma casa gerada automaticamente para testes.', 1, 230, 130.0, 4),
                                                                                                  (29, 'Casa Genérica 19', 'Uma casa gerada automaticamente para testes.', 4, 240, 135.0, 4),
                                                                                                  (30, 'Casa Genérica 20', 'Uma casa gerada automaticamente para testes.', 1, 250, 140.0, 4),
                                                                                                  (31, 'Casa Genérica 21', 'Uma casa gerada automaticamente para testes.', 4, 260, 145.0, 4),
                                                                                                  (32, 'Casa Genérica 22', 'Uma casa gerada automaticamente para testes.', 1, 270, 150.0, 4),
                                                                                                  (33, 'Casa Genérica 23', 'Uma casa gerada automaticamente para testes.', 4, 280, 155.0, 4),
                                                                                                  (34, 'Casa Genérica 24', 'Uma casa gerada automaticamente para testes.', 1, 290, 160.0, 4),
                                                                                                  (35, 'Casa Genérica 25', 'Uma casa gerada automaticamente para testes.', 4, 300, 165.0, 4),
                                                                                                  (36, 'Casa Genérica 26', 'Uma casa gerada automaticamente para testes.', 1, 310, 170.0, 4),
                                                                                                  (37, 'Casa Genérica 27', 'Uma casa gerada automaticamente para testes.', 4, 320, 175.0, 4),
                                                                                                  (38, 'Casa Genérica 28', 'Uma casa gerada automaticamente para testes.', 1, 330, 180.0, 4),
                                                                                                  (39, 'Casa Genérica 29', 'Uma casa gerada automaticamente para testes.', 4, 340, 185.0, 4),
                                                                                                  (40, 'Casa Genérica 30', 'Uma casa gerada automaticamente para testes.', 1, 350, 190.0, 4),
                                                                                                  (41, 'Casa Genérica 31', 'Uma casa gerada automaticamente para testes.', 4, 360, 195.0, 4),
                                                                                                  (42, 'Casa Genérica 32', 'Uma casa gerada automaticamente para testes.', 1, 370, 200.0, 4),
                                                                                                  (43, 'Casa Genérica 33', 'Uma casa gerada automaticamente para testes.', 4, 380, 205.0, 4),
                                                                                                  (44, 'Casa Genérica 34', 'Uma casa gerada automaticamente para testes.', 1, 390, 210.0, 4),
                                                                                                  (45, 'Casa Genérica 35', 'Uma casa gerada automaticamente para testes.', 4, 400, 215.0, 4),
                                                                                                  (46, 'Casa Genérica 36', 'Uma casa gerada automaticamente para testes.', 1, 410, 220.0, 4),
                                                                                                  (47, 'Casa Genérica 37', 'Uma casa gerada automaticamente para testes.', 4, 420, 225.0, 4),
                                                                                                  (48, 'Casa Genérica 38', 'Uma casa gerada automaticamente para testes.', 1, 430, 230.0, 4),
                                                                                                  (49, 'Casa Genérica 39', 'Uma casa gerada automaticamente para testes.', 4, 440, 235.0, 4),
                                                                                                  (50, 'Casa Genérica 40', 'Uma casa gerada automaticamente para testes.', 1, 450, 240.0, 4),
                                                                                                  (51, 'Casa Genérica 41', 'Uma casa gerada automaticamente para testes.', 4, 460, 245.0, 4),
                                                                                                  (52, 'Casa Genérica 42', 'Uma casa gerada automaticamente para testes.', 1, 470, 250.0, 4),
                                                                                                  (53, 'Casa Genérica 43', 'Uma casa gerada automaticamente para testes.', 4, 480, 255.0, 4),
                                                                                                  (54, 'Casa Genérica 44', 'Uma casa gerada automaticamente para testes.', 1, 490, 260.0, 4),
                                                                                                  (55, 'Casa Genérica 45', 'Uma casa gerada automaticamente para testes.', 4, 500, 265.0, 4),
                                                                                                  (56, 'Casa Genérica 46', 'Uma casa gerada automaticamente para testes.', 1, 510, 270.0, 4),
                                                                                                  (57, 'Casa Genérica 47', 'Uma casa gerada automaticamente para testes.', 4, 520, 275.0, 4),
                                                                                                  (58, 'Casa Genérica 48', 'Uma casa gerada automaticamente para testes.', 1, 530, 280.0, 4),
                                                                                                  (59, 'Casa Genérica 49', 'Uma casa gerada automaticamente para testes.', 4, 540, 285.0, 4),
                                                                                                  (60, 'Casa Genérica 50', 'Uma casa gerada automaticamente para testes.', 1, 550, 290.0, 4),
                                                                                                  (61, 'Casa Genérica 51', 'Uma casa gerada automaticamente para testes.', 4, 560, 295.0, 4),
                                                                                                  (62, 'Casa Genérica 52', 'Uma casa gerada automaticamente para testes.', 1, 570, 300.0, 4),
                                                                                                  (63, 'Casa Genérica 53', 'Uma casa gerada automaticamente para testes.', 4, 580, 305.0, 4),
                                                                                                  (64, 'Casa Genérica 54', 'Uma casa gerada automaticamente para testes.', 1, 590, 310.0, 4),
                                                                                                  (65, 'Casa Genérica 55', 'Uma casa gerada automaticamente para testes.', 4, 600, 315.0, 4),
                                                                                                  (66, 'Casa Genérica 56', 'Uma casa gerada automaticamente para testes.', 1, 610, 320.0, 4),
                                                                                                  (67, 'Casa Genérica 57', 'Uma casa gerada automaticamente para testes.', 4, 620, 325.0, 4),
                                                                                                  (68, 'Casa Genérica 58', 'Uma casa gerada automaticamente para testes.', 1, 630, 330.0, 4),
                                                                                                  (69, 'Casa Genérica 59', 'Uma casa gerada automaticamente para testes.', 4, 640, 335.0, 4),
                                                                                                  (70, 'Casa Genérica 60', 'Uma casa gerada automaticamente para testes.', 1, 650, 340.0, 4),
                                                                                                  (71, 'Casa Genérica 61', 'Uma casa gerada automaticamente para testes.', 4, 660, 345.0, 4),
                                                                                                  (72, 'Casa Genérica 62', 'Uma casa gerada automaticamente para testes.', 1, 670, 350.0, 4),
                                                                                                  (73, 'Casa Genérica 63', 'Uma casa gerada automaticamente para testes.', 4, 680, 355.0, 4),
                                                                                                  (74, 'Casa Genérica 64', 'Uma casa gerada automaticamente para testes.', 1, 690, 360.0, 4),
                                                                                                  (75, 'Casa Genérica 65', 'Uma casa gerada automaticamente para testes.', 4, 700, 365.0, 4),
                                                                                                  (76, 'Casa Genérica 66', 'Uma casa gerada automaticamente para testes.', 1, 710, 370.0, 4),
                                                                                                  (77, 'Casa Genérica 67', 'Uma casa gerada automaticamente para testes.', 4, 720, 375.0, 4),
                                                                                                  (78, 'Casa Genérica 68', 'Uma casa gerada automaticamente para testes.', 1, 730, 380.0, 4),
                                                                                                  (79, 'Casa Genérica 69', 'Uma casa gerada automaticamente para testes.', 4, 740, 385.0, 4),
                                                                                                  (80, 'Casa Genérica 70', 'Uma casa gerada automaticamente para testes.', 1, 750, 390.0, 4),
                                                                                                  (81, 'Casa Genérica 71', 'Uma casa gerada automaticamente para testes.', 4, 760, 395.0, 4),
                                                                                                  (82, 'Casa Genérica 72', 'Uma casa gerada automaticamente para testes.', 1, 770, 400.0, 4),
                                                                                                  (83, 'Casa Genérica 73', 'Uma casa gerada automaticamente para testes.', 4, 780, 405.0, 4),
                                                                                                  (84, 'Casa Genérica 74', 'Uma casa gerada automaticamente para testes.', 1, 790, 410.0, 4),
                                                                                                  (85, 'Casa Genérica 75', 'Uma casa gerada automaticamente para testes.', 4, 800, 415.0, 4),
                                                                                                  (86, 'Casa Genérica 76', 'Uma casa gerada automaticamente para testes.', 1, 810, 420.0, 4),
                                                                                                  (87, 'Casa Genérica 77', 'Uma casa gerada automaticamente para testes.', 4, 820, 425.0, 4),
                                                                                                  (88, 'Casa Genérica 78', 'Uma casa gerada automaticamente para testes.', 1, 830, 430.0, 4),
                                                                                                  (89, 'Casa Genérica 79', 'Uma casa gerada automaticamente para testes.', 4, 840, 435.0, 4),
                                                                                                  (90, 'Casa Genérica 80', 'Uma casa gerada automaticamente para testes.', 1, 850, 440.0, 4),
                                                                                                  (91, 'Casa Genérica 81', 'Uma casa gerada automaticamente para testes.', 4, 860, 445.0, 4),
                                                                                                  (92, 'Casa Genérica 82', 'Uma casa gerada automaticamente para testes.', 1, 870, 450.0, 4),
                                                                                                  (93, 'Casa Genérica 83', 'Uma casa gerada automaticamente para testes.', 4, 880, 455.0, 4),
                                                                                                  (94, 'Casa Genérica 84', 'Uma casa gerada automaticamente para testes.', 1, 890, 460.0, 4),
                                                                                                  (95, 'Casa Genérica 85', 'Uma casa gerada automaticamente para testes.', 4, 900, 465.0, 4),
                                                                                                  (96, 'Casa Genérica 86', 'Uma casa gerada automaticamente para testes.', 1, 910, 470.0, 4),
                                                                                                  (97, 'Casa Genérica 87', 'Uma casa gerada automaticamente para testes.', 4, 920, 475.0, 4),
                                                                                                  (98, 'Casa Genérica 88', 'Uma casa gerada automaticamente para testes.', 1, 930, 480.0, 4),
                                                                                                  (99, 'Casa Genérica 89', 'Uma casa gerada automaticamente para testes.', 4, 940, 485.0, 4),
                                                                                                  (100, 'Casa Genérica 90', 'Uma casa gerada automaticamente para testes.', 1, 950, 490.0, 4)
ON CONFLICT DO NOTHING;

INSERT INTO booking (id, user_id, house_id, start_date, end_date) VALUES
                                                                      (1, 2, 4, '2026-03-20', '2026-03-27'),
                                                                      (2, 3, 5, '2026-04-01', '2026-04-10'),
                                                                      (3, 1, 6, '2026-05-15', '2026-05-22'),
                                                                      (4, 3, 5, '2026-06-01', '2026-06-08'),
                                                                      (5, 4, 10, '2026-07-10', '2026-07-20')
ON CONFLICT DO NOTHING;

SELECT setval(pg_get_serial_sequence('locations', 'id'), COALESCE((SELECT MAX(id)+1 FROM locations), 1), false);
SELECT setval(pg_get_serial_sequence('users', 'id'), COALESCE((SELECT MAX(id)+1 FROM users), 1), false);
SELECT setval(pg_get_serial_sequence('houses', 'id'), COALESCE((SELECT MAX(id)+1 FROM houses), 1), false);
SELECT setval(pg_get_serial_sequence('booking', 'id'), COALESCE((SELECT MAX(id)+1 FROM booking), 1), false);